{
  "statistics": {
    "dumptruck": {
      "count": 685,
      "length": {
        "mean": 8.944350364963503,
        "std": 1.4352661626110899,
        "min": 3.74,
        "max": 14.51,
        "median": 8.55,
        "q25": 8.19,
        "q75": 9.57
      },
      "width": {
        "mean": 3.840175182481751,
        "std": 0.6268211761175162,
        "min": 2.15,
        "max": 5.72,
        "median": 3.75,
        "q25": 3.37,
        "q75": 4.22
      },
      "height": {
        "mean": 3.835605839416059,
        "std": 0.5361502044368966,
        "min": 1.85,
        "max": 5.43,
        "median": 3.78,
        "q25": 3.47,
        "q75": 4.09
      }
    },
    "excavator": {
      "count": 1052,
      "length": {
        "mean": 9.596416349809886,
        "std": 2.40883434048188,
        "min": 4.92,
        "max": 15.99,
        "median": 8.7,
        "q25": 7.69,
        "q75": 11.71
      },
      "width": {
        "mean": 5.083403041825096,
        "std": 1.3104340039169946,
        "min": 2.52,
        "max": 12.22,
        "median": 4.92,
        "q25": 3.93,
        "q75": 5.95
      },
      "height": {
        "mean": 5.5252091254752855,
        "std": 0.9570967933578554,
        "min": 2.46,
        "max": 8.24,
        "median": 5.529999999999999,
        "q25": 4.88,
        "q75": 6.11
      }
    },
    "grader": {
      "count": 271,
      "length": {
        "mean": 10.232103321033211,
        "std": 0.5727969221705117,
        "min": 6.73,
        "max": 11.45,
        "median": 10.13,
        "q25": 9.92,
        "q75": 10.49
      },
      "width": {
        "mean": 4.095092250922509,
        "std": 0.4859842703698988,
        "min": 2.96,
        "max": 5.07,
        "median": 3.94,
        "q25": 3.79,
        "q75": 4.49
      },
      "height": {
        "mean": 4.023726937269372,
        "std": 0.4212664782912926,
        "min": 3.07,
        "max": 5.25,
        "median": 4.07,
        "q25": 3.73,
        "q75": 4.295
      }
    },
    "roller": {
      "count": 157,
      "length": {
        "mean": 6.320445859872612,
        "std": 0.7981446191362238,
        "min": 4.09,
        "max": 7.38,
        "median": 6.78,
        "q25": 6.09,
        "q75": 6.85
      },
      "width": {
        "mean": 3.576114649681529,
        "std": 0.32337127343971633,
        "min": 2.83,
        "max": 4.15,
        "median": 3.46,
        "q25": 3.35,
        "q75": 3.8
      },
      "height": {
        "mean": 3.5332484076433124,
        "std": 0.3680110365288228,
        "min": 2.52,
        "max": 3.94,
        "median": 3.62,
        "q25": 3.24,
        "q75": 3.82
      }
    }
  },
  "optimal_anchors": {
    "dumptruck": {
      "mean": [
        8.9,
        3.8,
        3.8
      ],
      "median": [
        8.6,
        3.8,
        3.8
      ],
      "small": [
        8.2,
        3.4,
        3.5
      ],
      "large": [
        9.6,
        4.2,
        4.1
      ],
      "recommended": [
        8.6,
        3.8,
        3.8
      ]
    },
    "excavator": {
      "mean": [
        9.6,
        5.1,
        5.5
      ],
      "median": [
        8.7,
        4.9,
        5.5
      ],
      "small": [
        7.7,
        3.9,
        4.9
      ],
      "large": [
        11.7,
        6.0,
        6.1
      ],
      "recommended": [
        8.7,
        4.9,
        5.5
      ]
    },
    "grader": {
      "mean": [
        10.2,
        4.1,
        4.0
      ],
      "median": [
        10.1,
        3.9,
        4.1
      ],
      "small": [
        9.9,
        3.8,
        3.7
      ],
      "large": [
        10.5,
        4.5,
        4.3
      ],
      "recommended": [
        10.1,
        3.9,
        4.1
      ]
    },
    "roller": {
      "mean": [
        6.3,
        3.6,
        3.5
      ],
      "median": [
        6.8,
        3.5,
        3.6
      ],
      "small": [
        6.1,
        3.4,
        3.2
      ],
      "large": [
        6.8,
        3.8,
        3.8
      ],
      "recommended": [
        6.8,
        3.5,
        3.6
      ]
    }
  },
  "anchor_generator_config": [
    {
      "class_name": "dumptruck",
      "anchor_sizes": [
        [
          8.6,
          3.8,
          3.8
        ]
      ],
      "anchor_rotations": [
        0,
        1.57
      ],
      "anchor_bottom_heights": [
        -1.78
      ],
      "align_center": false,
      "feature_map_stride": 8,
      "matched_threshold": 0.6,
      "unmatched_threshold": 0.45
    },
    {
      "class_name": "excavator",
      "anchor_sizes": [
        [
          8.7,
          4.9,
          5.5
        ]
      ],
      "anchor_rotations": [
        0,
        1.57
      ],
      "anchor_bottom_heights": [
        -1.78
      ],
      "align_center": false,
      "feature_map_stride": 8,
      "matched_threshold": 0.6,
      "unmatched_threshold": 0.45
    },
    {
      "class_name": "grader",
      "anchor_sizes": [
        [
          10.1,
          3.9,
          4.1
        ]
      ],
      "anchor_rotations": [
        0,
        1.57
      ],
      "anchor_bottom_heights": [
        -1.78
      ],
      "align_center": false,
      "feature_map_stride": 8,
      "matched_threshold": 0.6,
      "unmatched_threshold": 0.45
    },
    {
      "class_name": "roller",
      "anchor_sizes": [
        [
          6.8,
          3.5,
          3.6
        ]
      ],
      "anchor_rotations": [
        0,
        1.57
      ],
      "anchor_bottom_heights": [
        -1.78
      ],
      "align_center": false,
      "feature_map_stride": 8,
      "matched_threshold": 0.6,
      "unmatched_threshold": 0.45
    }
  ]
}